{"cameraMode":{"drawMode":0,"name":"Shaded","section":"Shading Mode"},"sceneLighting":true,"audioPlay":false,"sceneViewState":{"showFog":true,"showMaterialUpdate":false,"showSkybox":true,"showFlares":true,"showImageEffects":true,"showParticleSystems":true},"in2DMode":false,"pivot":{"x":24.04497528076172,"y":182.670654296875,"z":44.626953125},"rotation":{"x":0.5084546208381653,"y":-0.005166526418179274,"z":0.0030508439522236587,"w":0.8610714673995972},"size":34.940433502197269,"orthographic":true}