{"cameraMode":{"drawMode":0,"name":"Shaded","section":"Shading Mode"},"sceneLighting":true,"audioPlay":false,"sceneViewState":{"showFog":true,"showMaterialUpdate":false,"showSkybox":true,"showFlares":true,"showImageEffects":true,"showParticleSystems":true},"in2DMode":false,"pivot":{"x":538.1062622070313,"y":281.984375,"z":518.110595703125},"rotation":{"x":0.13055410981178285,"y":0.8071302771568298,"z":-0.1944386512041092,"w":0.5419350862503052},"size":190.76475524902345,"orthographic":false}