{"cameraMode":{"drawMode":0,"name":"Shaded","section":"Shading Mode"},"sceneLighting":true,"audioPlay":false,"sceneViewState":{"showFog":true,"showMaterialUpdate":false,"showSkybox":true,"showFlares":true,"showImageEffects":true,"showParticleSystems":true},"in2DMode":false,"pivot":{"x":-101.47386932373047,"y":14.489995956420899,"z":-213.37579345703126},"rotation":{"x":0.14125938713550569,"y":0.047499969601631168,"z":-0.006784654688090086,"w":0.9888125658035278},"size":5.66756534576416,"orthographic":false}