{"cameraMode":{"drawMode":0,"name":"Shaded","section":"Shading Mode"},"sceneLighting":true,"audioPlay":false,"sceneViewState":{"showFog":true,"showMaterialUpdate":false,"showSkybox":true,"showFlares":true,"showImageEffects":true,"showParticleSystems":true},"in2DMode":false,"pivot":{"x":-143.05078125,"y":207.2781982421875,"z":262.310546875},"rotation":{"x":0.030869657173752786,"y":0.03897155821323395,"z":-0.0012044792529195548,"w":0.998763918876648},"size":51.027442932128909,"orthographic":true}