{"cameraMode":{"drawMode":0,"name":"Shaded","section":"Shading Mode"},"sceneLighting":true,"audioPlay":false,"sceneViewState":{"showFog":true,"showMaterialUpdate":false,"showSkybox":true,"showFlares":true,"showImageEffects":true,"showParticleSystems":true},"in2DMode":false,"pivot":{"x":-27.700000762939454,"y":177.6999969482422,"z":77.80000305175781},"rotation":{"x":0.22152692079544068,"y":-0.09199371933937073,"z":0.02099674381315708,"w":0.9705786108970642},"size":870.4337158203125,"orthographic":true}