{"cameraMode":{"drawMode":0,"name":"Shaded","section":"Shading Mode"},"sceneLighting":true,"audioPlay":false,"sceneViewState":{"showFog":true,"showMaterialUpdate":false,"showSkybox":true,"showFlares":true,"showImageEffects":true,"showParticleSystems":true},"in2DMode":false,"pivot":{"x":130.49705505371095,"y":-34.25382995605469,"z":174.72377014160157},"rotation":{"x":0.20605096220970155,"y":0.057207755744457248,"z":-0.012067705392837525,"w":0.9767943024635315},"size":238.34727478027345,"orthographic":false}