{"cameraMode":{"drawMode":0,"name":"Shaded","section":"Shading Mode"},"sceneLighting":true,"audioPlay":false,"sceneViewState":{"showFog":true,"showMaterialUpdate":false,"showSkybox":true,"showFlares":true,"showImageEffects":true,"showParticleSystems":true},"in2DMode":false,"pivot":{"x":-108.9000015258789,"y":29.0,"z":-122.39999389648438},"rotation":{"x":0.1967771053314209,"y":0.46553492546081545,"z":-0.10698864609003067,"w":0.856220543384552},"size":33.90945053100586,"orthographic":false}