{"cameraMode":{"drawMode":0,"name":"Shaded","section":"Shading Mode"},"sceneLighting":true,"audioPlay":false,"sceneViewState":{"showFog":true,"showMaterialUpdate":false,"showSkybox":true,"showFlares":true,"showImageEffects":true,"showParticleSystems":true},"in2DMode":false,"pivot":{"x":-1.8937263488769532,"y":207.984375,"z":320.110595703125},"rotation":{"x":0.2567553222179413,"y":0.35470011830329897,"z":-0.10195624828338623,"w":0.8932356238365173},"size":244.98333740234376,"orthographic":true}