{"cameraMode":{"drawMode":0,"name":"Shaded","section":"Shading Mode"},"sceneLighting":true,"audioPlay":false,"sceneViewState":{"showFog":true,"showMaterialUpdate":false,"showSkybox":true,"showFlares":true,"showImageEffects":true,"showParticleSystems":true},"in2DMode":false,"pivot":{"x":526.1812744140625,"y":131.17532348632813,"z":484.2432861328125},"rotation":{"x":-0.0332588367164135,"y":-0.909931480884552,"z":-0.07441706955432892,"w":0.4066735804080963},"size":166.5504913330078,"orthographic":false}