{"cameraMode":{"drawMode":0,"name":"Shaded","section":"Shading Mode"},"sceneLighting":true,"audioPlay":false,"sceneViewState":{"showFog":true,"showMaterialUpdate":false,"showSkybox":true,"showFlares":true,"showImageEffects":true,"showParticleSystems":true},"in2DMode":false,"pivot":{"x":-121.33857727050781,"y":8.628104209899903,"z":-163.43466186523438},"rotation":{"x":0.047388721257448199,"y":0.2446882426738739,"z":-0.011976092122495175,"w":0.9683718085289002},"size":17.196575164794923,"orthographic":false}