{"cameraMode":{"drawMode":0,"name":"Shaded","section":"Shading Mode"},"sceneLighting":false,"audioPlay":false,"sceneViewState":{"showFog":true,"showMaterialUpdate":false,"showSkybox":false,"showFlares":true,"showImageEffects":true,"showParticleSystems":true},"in2DMode":false,"pivot":{"x":266.99456787109377,"y":207.39144897460938,"z":-128.791015625},"rotation":{"x":0.15551511943340302,"y":0.04474151134490967,"z":-0.0070501891896128658,"w":0.9868021607398987},"size":8.062943458557129,"orthographic":false}