{"cameraMode":{"drawMode":0,"name":"Shaded","section":"Shading Mode"},"sceneLighting":true,"audioPlay":false,"sceneViewState":{"showFog":true,"showMaterialUpdate":false,"showSkybox":true,"showFlares":true,"showImageEffects":true,"showParticleSystems":true},"in2DMode":false,"pivot":{"x":-88.2598876953125,"y":11.12346076965332,"z":129.15980529785157},"rotation":{"x":0.005396534688770771,"y":0.027868006378412248,"z":-0.00015851782518438995,"w":0.9996510148048401},"size":130.38778686523438,"orthographic":false}