{"cameraMode":{"drawMode":0,"name":"Shaded","section":"Shading Mode"},"sceneLighting":true,"audioPlay":false,"sceneViewState":{"showFog":true,"showMaterialUpdate":false,"showSkybox":true,"showFlares":true,"showImageEffects":true,"showParticleSystems":true},"in2DMode":false,"pivot":{"x":20.09765625,"y":185.294921875,"z":39.08203125},"rotation":{"x":0.14981232583522798,"y":-0.48857685923576357,"z":0.08557670563459397,"w":0.8552988767623901},"size":26.657045364379884,"orthographic":true}