{"cameraMode":{"drawMode":0,"name":"Shaded","section":"Shading Mode"},"sceneLighting":true,"audioPlay":false,"sceneViewState":{"showFog":true,"showMaterialUpdate":false,"showSkybox":true,"showFlares":true,"showImageEffects":true,"showParticleSystems":true},"in2DMode":false,"pivot":{"x":-127.47242736816406,"y":24.206058502197267,"z":-151.44395446777345},"rotation":{"x":0.1832224577665329,"y":0.6991609334945679,"z":-0.19304479658603669,"w":0.6635829210281372},"size":-5.9990763664245609,"orthographic":false}