{"cameraMode":{"drawMode":0,"name":"Shaded","section":"Shading Mode"},"sceneLighting":true,"audioPlay":false,"sceneViewState":{"showFog":true,"showMaterialUpdate":false,"showSkybox":true,"showFlares":true,"showImageEffects":true,"showParticleSystems":true},"in2DMode":false,"pivot":{"x":-107.19999694824219,"y":38.20000076293945,"z":-34.20000076293945},"rotation":{"x":0.0762336477637291,"y":0.627686083316803,"z":-0.06196334585547447,"w":0.7722471952438355},"size":22.620820999145509,"orthographic":false}