{"cameraMode":{"drawMode":0,"name":"Shaded","section":"Shading Mode"},"sceneLighting":true,"audioPlay":false,"sceneViewState":{"showFog":true,"showMaterialUpdate":false,"showSkybox":true,"showFlares":true,"showImageEffects":true,"showParticleSystems":true},"in2DMode":false,"pivot":{"x":23.7996826171875,"y":190.5830078125,"z":15.0947265625},"rotation":{"x":0.30065295100212099,"y":-0.011444875970482827,"z":0.003606895450502634,"w":0.95366370677948},"size":10.956315040588379,"orthographic":true}