{"cameraMode":{"drawMode":0,"name":"Shaded","section":"Shading Mode"},"sceneLighting":true,"audioPlay":false,"sceneViewState":{"showFog":true,"showMaterialUpdate":false,"showSkybox":true,"showFlares":true,"showImageEffects":true,"showParticleSystems":true},"in2DMode":false,"pivot":{"x":511.84014892578127,"y":162.95352172851563,"z":476.48046875},"rotation":{"x":0.09364984184503555,"y":-0.8983094692230225,"z":0.2335890382528305,"w":0.3601471483707428},"size":18.732494354248048,"orthographic":false}