{"cameraMode":{"drawMode":0,"name":"Shaded","section":"Shading Mode"},"sceneLighting":true,"audioPlay":false,"sceneViewState":{"showFog":true,"showMaterialUpdate":false,"showSkybox":true,"showFlares":true,"showImageEffects":true,"showParticleSystems":true},"in2DMode":false,"pivot":{"x":-116.9634780883789,"y":14.350866317749024,"z":-145.75714111328126},"rotation":{"x":0.02951815165579319,"y":0.17776739597320558,"z":0.005332218017429113,"w":-0.983625590801239},"size":7.883338928222656,"orthographic":false}