{"cameraMode":{"drawMode":0,"name":"Shaded","section":"Shading Mode"},"sceneLighting":true,"audioPlay":false,"sceneViewState":{"showFog":true,"showMaterialUpdate":false,"showSkybox":true,"showFlares":true,"showImageEffects":true,"showParticleSystems":true},"in2DMode":false,"pivot":{"x":37.20000076293945,"y":191.38999938964845,"z":41.20000076293945},"rotation":{"x":0.5884206295013428,"y":0.02303566224873066,"z":-0.0167746189981699,"w":0.8080554008483887},"size":66.85726165771485,"orthographic":true}